,remove,bins,positive,negative
RF,"[0.00416667 0.01805556 0.02222222 0.02361111 0.02638889 0.02777778
 0.01111111 0.01388889 0.00694444 0.01527778 0.01944444 0.01111111
 0.00555556 0.01805556 0.01111111 0.01527778 0.01944444 0.01527778
 0.0125     0.01666667 0.00555556 0.00694444 0.00555556 0.0125
 0.00416667 0.00416667 0.00277778 0.00555556 0.00972222 0.00972222
 0.00694444 0.00833333 0.00138889 0.00555556 0.00416667 0.00555556
 0.00138889 0.         0.         0.00416667 0.00277778 0.00555556
 0.00416667 0.00138889 0.         0.         0.00555556 0.00833333
 0.00277778 0.00277778 0.00277778 0.00138889 0.00138889 0.00138889
 0.00555556 0.         0.00138889 0.00277778 0.00277778 0.00416667
 0.00138889 0.00138889 0.00277778 0.         0.00138889 0.00138889
 0.         0.         0.00138889 0.         0.00138889 0.00416667
 0.00277778 0.         0.         0.00277778 0.00138889 0.
 0.00277778 0.         0.00416667 0.00138889 0.00277778 0.
 0.         0.00138889 0.         0.         0.         0.
 0.00138889 0.00138889 0.         0.         0.         0.
 0.         0.00138889 0.00277778 0.         0.         0.00138889
 0.00138889 0.00277778 0.         0.00138889 0.00277778 0.00277778
 0.         0.         0.00138889 0.00277778 0.00138889 0.00138889
 0.         0.00138889 0.00277778 0.         0.00138889 0.
 0.         0.         0.         0.         0.00138889 0.
 0.         0.         0.         0.00277778 0.         0.
 0.         0.00138889 0.00138889 0.         0.         0.
 0.         0.00555556 0.         0.         0.         0.
 0.00138889 0.         0.00277778 0.         0.         0.
 0.         0.         0.00138889 0.00277778 0.         0.
 0.         0.00277778 0.00138889 0.00138889 0.         0.
 0.         0.00277778 0.         0.00138889 0.         0.
 0.         0.         0.         0.         0.         0.
 0.         0.         0.         0.         0.         0.00138889
 0.         0.         0.         0.         0.         0.
 0.         0.         0.         0.         0.         0.00277778
 0.00138889 0.         0.         0.         0.         0.
 0.         0.01388889]","[0.        0.0004098 0.0008196 0.0012294 0.0016392 0.002049  0.0024588
 0.0028686 0.0032784 0.0036882 0.004098  0.0045078 0.0049176 0.0053274
 0.0057372 0.006147  0.0065568 0.0069666 0.0073764 0.0077862 0.008196
 0.0086058 0.0090156 0.0094254 0.0098352 0.010245  0.0106548 0.0110646
 0.0114744 0.0118842 0.012294  0.0127038 0.0131136 0.0135234 0.0139332
 0.014343  0.0147528 0.0151626 0.0155724 0.0159822 0.016392  0.0168018
 0.0172116 0.0176214 0.0180312 0.018441  0.0188508 0.0192606 0.0196704
 0.0200802 0.02049   0.0208998 0.0213096 0.0217194 0.0221292 0.022539
 0.0229488 0.0233586 0.0237684 0.0241782 0.024588  0.0249978 0.0254076
 0.0258174 0.0262272 0.026637  0.0270468 0.0274566 0.0278664 0.0282762
 0.028686  0.0290958 0.0295056 0.0299154 0.0303252 0.030735  0.0311448
 0.0315546 0.0319644 0.0323742 0.032784  0.0331938 0.0336036 0.0340134
 0.0344232 0.034833  0.0352428 0.0356526 0.0360624 0.0364722 0.036882
 0.0372918 0.0377016 0.0381114 0.0385212 0.038931  0.0393408 0.0397506
 0.0401604 0.0405702 0.04098   0.0413898 0.0417996 0.0422094 0.0426192
 0.043029  0.0434388 0.0438486 0.0442584 0.0446682 0.045078  0.0454878
 0.0458976 0.0463074 0.0467172 0.047127  0.0475368 0.0479466 0.0483564
 0.0487662 0.049176  0.0495858 0.0499956 0.0504054 0.0508152 0.051225
 0.0516348 0.0520446 0.0524544 0.0528642 0.053274  0.0536838 0.0540936
 0.0545034 0.0549132 0.055323  0.0557328 0.0561426 0.0565524 0.0569622
 0.057372  0.0577818 0.0581916 0.0586014 0.0590112 0.059421  0.0598308
 0.0602406 0.0606504 0.0610602 0.06147   0.0618798 0.0622896 0.0626994
 0.0631092 0.063519  0.0639288 0.0643386 0.0647484 0.0651582 0.065568
 0.0659778 0.0663876 0.0667974 0.0672072 0.067617  0.0680268 0.0684366
 0.0688464 0.0692562 0.069666  0.0700758 0.0704856 0.0708954 0.0713052
 0.071715  0.0721248 0.0725346 0.0729444 0.0733542 0.073764  0.0741738
 0.0745836 0.0749934 0.0754032 0.075813  0.0762228 0.0766326 0.0770424
 0.0774522 0.077862  0.0782718 0.0786816 0.0790914 0.0795012 0.079911
 0.0803208 0.0807306 0.0811404 0.0815502]","[0.0375     0.04444444 0.0375     0.03472222 0.03194444 0.03611111
 0.02361111 0.02222222 0.01388889 0.02361111 0.025      0.01666667
 0.00694444 0.02083333 0.01111111 0.01527778 0.01944444 0.01527778
 0.0125     0.01805556 0.00833333 0.00694444 0.00555556 0.0125
 0.00555556 0.00416667 0.00277778 0.00555556 0.00972222 0.0125
 0.00694444 0.00833333 0.00416667 0.00555556 0.00416667 0.00555556
 0.00138889 0.         0.         0.00416667 0.00277778 0.00555556
 0.00416667 0.00138889 0.         0.         0.00555556 0.00833333
 0.00277778 0.00277778 0.00277778 0.00138889 0.00138889 0.00138889
 0.00555556 0.         0.00138889 0.00277778 0.00277778 0.00416667
 0.00138889 0.00138889 0.00277778 0.         0.00277778 0.00138889
 0.         0.         0.00138889 0.         0.00138889 0.00416667
 0.00277778 0.         0.         0.00277778 0.00138889 0.
 0.00277778 0.         0.00416667 0.00138889 0.00277778 0.
 0.         0.00138889 0.         0.         0.         0.
 0.00138889 0.00138889 0.         0.         0.         0.
 0.         0.00138889 0.00277778 0.         0.         0.00138889
 0.00138889 0.00277778 0.         0.00138889 0.00277778 0.00277778
 0.         0.         0.00138889 0.00277778 0.00138889 0.00138889
 0.         0.00138889 0.00277778 0.         0.00138889 0.
 0.         0.         0.         0.         0.00138889 0.
 0.         0.         0.         0.00277778 0.         0.
 0.         0.00138889 0.00138889 0.         0.         0.
 0.         0.00555556 0.         0.         0.         0.
 0.00138889 0.         0.00277778 0.         0.         0.
 0.         0.         0.00138889 0.00277778 0.         0.
 0.         0.00277778 0.00138889 0.00138889 0.         0.
 0.         0.00277778 0.         0.00138889 0.         0.
 0.         0.         0.         0.         0.         0.
 0.         0.         0.         0.         0.         0.00138889
 0.         0.         0.         0.         0.         0.
 0.         0.         0.         0.         0.         0.00277778
 0.00138889 0.         0.         0.         0.         0.
 0.         0.01388889]","[0.04444444 0.03194444 0.01527778 0.01944444 0.00555556 0.00833333
 0.02222222 0.00972222 0.00972222 0.00833333 0.00694444 0.00972222
 0.00416667 0.00555556 0.00416667 0.00277778 0.         0.00138889
 0.         0.00138889 0.00416667 0.         0.00277778 0.
 0.00416667 0.         0.00277778 0.00277778 0.         0.00277778
 0.         0.         0.00277778 0.         0.         0.
 0.         0.         0.         0.         0.         0.
 0.         0.         0.         0.         0.         0.
 0.00277778 0.         0.         0.         0.         0.
 0.         0.00138889 0.         0.         0.         0.
 0.         0.         0.         0.00138889 0.00138889 0.
 0.         0.00138889 0.         0.         0.         0.
 0.         0.         0.         0.         0.         0.
 0.         0.         0.         0.         0.         0.
 0.         0.         0.         0.         0.         0.
 0.         0.         0.         0.         0.         0.
 0.         0.         0.         0.         0.         0.
 0.         0.         0.         0.         0.         0.
 0.         0.         0.         0.         0.         0.
 0.         0.         0.         0.00138889 0.         0.
 0.00138889 0.         0.         0.         0.         0.
 0.         0.         0.         0.         0.         0.
 0.         0.         0.         0.         0.         0.
 0.         0.         0.         0.         0.         0.
 0.         0.         0.         0.         0.         0.
 0.         0.         0.         0.         0.         0.
 0.         0.         0.         0.         0.         0.
 0.         0.         0.         0.         0.         0.
 0.         0.         0.         0.         0.         0.
 0.         0.         0.         0.         0.         0.
 0.         0.         0.         0.         0.         0.
 0.         0.         0.         0.         0.         0.
 0.         0.         0.         0.         0.         0.
 0.         0.        ]"
LF,"[0.02222222 0.05277778 0.05833333 0.04583333 0.025      0.02222222
 0.01111111 0.01527778 0.0125     0.01388889 0.00416667 0.00972222
 0.00416667 0.00555556 0.01388889 0.00416667 0.00694444 0.00416667
 0.00694444 0.0125     0.00833333 0.00555556 0.00694444 0.00555556
 0.00277778 0.         0.00416667 0.00416667 0.00555556 0.00416667
 0.00416667 0.00694444 0.00277778 0.00555556 0.00694444 0.0125
 0.00277778 0.00277778 0.00138889 0.00555556 0.00416667 0.
 0.00694444 0.00416667 0.00555556 0.00138889 0.         0.00555556
 0.00416667 0.00555556 0.00277778 0.00555556 0.00277778 0.00138889
 0.00138889 0.00138889 0.00277778 0.00416667 0.00277778 0.00138889
 0.00138889 0.00277778 0.00138889 0.00138889 0.00138889 0.
 0.         0.         0.         0.         0.00138889 0.00138889
 0.00138889 0.00277778 0.         0.         0.00138889 0.
 0.00138889 0.00138889 0.00277778 0.         0.         0.00138889
 0.00138889 0.         0.         0.00138889 0.00138889 0.
 0.         0.00138889 0.00138889 0.00138889 0.00138889 0.
 0.         0.         0.         0.         0.         0.
 0.         0.         0.00138889 0.         0.         0.00138889
 0.         0.00138889 0.00138889 0.         0.         0.
 0.         0.00138889 0.00138889 0.         0.         0.
 0.         0.00138889 0.         0.         0.         0.
 0.         0.         0.00138889 0.         0.         0.
 0.         0.         0.         0.         0.         0.
 0.         0.         0.         0.         0.         0.
 0.         0.         0.         0.00138889 0.         0.
 0.         0.         0.00138889 0.         0.00138889 0.
 0.         0.         0.         0.         0.         0.00138889
 0.         0.         0.         0.         0.         0.
 0.         0.         0.         0.         0.         0.
 0.         0.         0.         0.         0.         0.
 0.00138889 0.         0.         0.         0.         0.00138889
 0.         0.         0.         0.         0.         0.
 0.         0.         0.         0.         0.         0.
 0.         0.        ]","[0.        0.0007127 0.0014254 0.0021381 0.0028508 0.0035635 0.0042762
 0.0049889 0.0057016 0.0064143 0.007127  0.0078397 0.0085524 0.0092651
 0.0099778 0.0106905 0.0114032 0.0121159 0.0128286 0.0135413 0.014254
 0.0149667 0.0156794 0.0163921 0.0171048 0.0178175 0.0185302 0.0192429
 0.0199556 0.0206683 0.021381  0.0220937 0.0228064 0.0235191 0.0242318
 0.0249445 0.0256572 0.0263699 0.0270826 0.0277953 0.028508  0.0292207
 0.0299334 0.0306461 0.0313588 0.0320715 0.0327842 0.0334969 0.0342096
 0.0349223 0.035635  0.0363477 0.0370604 0.0377731 0.0384858 0.0391985
 0.0399112 0.0406239 0.0413366 0.0420493 0.042762  0.0434747 0.0441874
 0.0449001 0.0456128 0.0463255 0.0470382 0.0477509 0.0484636 0.0491763
 0.049889  0.0506017 0.0513144 0.0520271 0.0527398 0.0534525 0.0541652
 0.0548779 0.0555906 0.0563033 0.057016  0.0577287 0.0584414 0.0591541
 0.0598668 0.0605795 0.0612922 0.0620049 0.0627176 0.0634303 0.064143
 0.0648557 0.0655684 0.0662811 0.0669938 0.0677065 0.0684192 0.0691319
 0.0698446 0.0705573 0.07127   0.0719827 0.0726954 0.0734081 0.0741208
 0.0748335 0.0755462 0.0762589 0.0769716 0.0776843 0.078397  0.0791097
 0.0798224 0.0805351 0.0812478 0.0819605 0.0826732 0.0833859 0.0840986
 0.0848113 0.085524  0.0862367 0.0869494 0.0876621 0.0883748 0.0890875
 0.0898002 0.0905129 0.0912256 0.0919383 0.092651  0.0933637 0.0940764
 0.0947891 0.0955018 0.0962145 0.0969272 0.0976399 0.0983526 0.0990653
 0.099778  0.1004907 0.1012034 0.1019161 0.1026288 0.1033415 0.1040542
 0.1047669 0.1054796 0.1061923 0.106905  0.1076177 0.1083304 0.1090431
 0.1097558 0.1104685 0.1111812 0.1118939 0.1126066 0.1133193 0.114032
 0.1147447 0.1154574 0.1161701 0.1168828 0.1175955 0.1183082 0.1190209
 0.1197336 0.1204463 0.121159  0.1218717 0.1225844 0.1232971 0.1240098
 0.1247225 0.1254352 0.1261479 0.1268606 0.1275733 0.128286  0.1289987
 0.1297114 0.1304241 0.1311368 0.1318495 0.1325622 0.1332749 0.1339876
 0.1347003 0.135413  0.1361257 0.1368384 0.1375511 0.1382638 0.1389765
 0.1396892 0.1404019 0.1411146 0.1418273]","[0.03888889 0.06527778 0.07361111 0.05833333 0.03333333 0.025
 0.01666667 0.02222222 0.01666667 0.01805556 0.00694444 0.0125
 0.00833333 0.00972222 0.01666667 0.00694444 0.00972222 0.00694444
 0.0125     0.01527778 0.00833333 0.00694444 0.00833333 0.00694444
 0.00555556 0.         0.00416667 0.00555556 0.00555556 0.00416667
 0.00694444 0.00694444 0.00277778 0.00555556 0.00694444 0.0125
 0.00277778 0.00277778 0.00138889 0.00555556 0.00416667 0.
 0.00694444 0.00416667 0.00555556 0.00138889 0.         0.00555556
 0.00416667 0.00694444 0.00277778 0.00555556 0.00277778 0.00138889
 0.00138889 0.00138889 0.00277778 0.00416667 0.00277778 0.00138889
 0.00138889 0.00277778 0.00138889 0.00138889 0.00138889 0.
 0.         0.         0.         0.         0.00138889 0.00138889
 0.00138889 0.00277778 0.         0.         0.00138889 0.
 0.00138889 0.00138889 0.00277778 0.         0.         0.00138889
 0.00138889 0.00138889 0.         0.00138889 0.00138889 0.
 0.         0.00138889 0.00138889 0.00138889 0.00138889 0.
 0.         0.         0.         0.         0.         0.
 0.         0.         0.00138889 0.         0.         0.00138889
 0.         0.00138889 0.00138889 0.         0.         0.
 0.         0.00138889 0.00138889 0.         0.         0.
 0.         0.00138889 0.         0.         0.         0.
 0.         0.         0.00138889 0.         0.         0.
 0.         0.         0.         0.         0.         0.
 0.         0.         0.         0.         0.         0.
 0.         0.         0.         0.00138889 0.         0.
 0.         0.         0.00138889 0.         0.00138889 0.
 0.         0.         0.         0.         0.         0.00138889
 0.         0.         0.         0.         0.         0.
 0.         0.         0.         0.         0.         0.
 0.         0.         0.         0.         0.         0.
 0.00138889 0.         0.         0.         0.         0.00138889
 0.         0.         0.         0.         0.         0.
 0.         0.         0.         0.         0.         0.
 0.         0.        ]","[0.02916667 0.01388889 0.01527778 0.0125     0.00833333 0.00416667
 0.00555556 0.00694444 0.00555556 0.00972222 0.00833333 0.00555556
 0.01111111 0.00555556 0.00694444 0.00416667 0.00694444 0.00555556
 0.00833333 0.00416667 0.         0.00138889 0.00138889 0.00277778
 0.00694444 0.00416667 0.00277778 0.00694444 0.00277778 0.00138889
 0.00277778 0.00138889 0.         0.         0.00138889 0.00138889
 0.00138889 0.00138889 0.         0.00277778 0.00138889 0.00138889
 0.         0.         0.         0.00138889 0.         0.00138889
 0.00138889 0.00277778 0.00138889 0.         0.         0.
 0.         0.         0.         0.         0.00138889 0.
 0.         0.00138889 0.         0.00277778 0.         0.
 0.         0.00277778 0.         0.00138889 0.         0.00555556
 0.00138889 0.         0.         0.         0.         0.
 0.00277778 0.         0.00138889 0.00277778 0.         0.
 0.00277778 0.00138889 0.         0.00277778 0.         0.00138889
 0.         0.         0.00138889 0.         0.         0.00138889
 0.         0.         0.         0.00138889 0.         0.
 0.         0.         0.         0.         0.         0.
 0.         0.         0.         0.         0.         0.
 0.         0.         0.         0.         0.00138889 0.
 0.00138889 0.         0.         0.00138889 0.00138889 0.
 0.         0.         0.         0.         0.         0.
 0.         0.00138889 0.         0.         0.         0.
 0.         0.00138889 0.         0.         0.         0.
 0.00138889 0.         0.         0.         0.         0.
 0.00277778 0.         0.         0.         0.         0.
 0.         0.         0.         0.         0.         0.
 0.         0.         0.         0.         0.         0.
 0.         0.         0.         0.         0.00138889 0.
 0.00138889 0.         0.         0.         0.         0.
 0.         0.         0.         0.         0.         0.
 0.         0.         0.         0.         0.         0.
 0.         0.         0.         0.         0.00138889 0.
 0.         0.0125    ]"
RP,"[0.01547117 0.01125176 0.0140647  0.00562588 0.00562588 0.00843882
 0.00703235 0.01265823 0.00843882 0.00562588 0.00281294 0.00281294
 0.00421941 0.00421941 0.00281294 0.00281294 0.00140647 0.00140647
 0.00562588 0.00562588 0.         0.00703235 0.00421941 0.00703235
 0.00281294 0.00421941 0.         0.00140647 0.         0.
 0.00421941 0.         0.00140647 0.         0.00140647 0.00140647
 0.00140647 0.00281294 0.00140647 0.         0.00140647 0.00281294
 0.         0.         0.         0.         0.         0.
 0.00140647 0.00281294 0.00140647 0.         0.00281294 0.00140647
 0.00281294 0.         0.         0.00140647 0.         0.
 0.         0.00140647 0.         0.         0.         0.
 0.         0.         0.         0.         0.         0.00140647
 0.         0.         0.         0.00140647 0.         0.
 0.         0.         0.         0.         0.         0.00140647
 0.         0.00140647 0.         0.         0.         0.
 0.         0.         0.         0.         0.         0.
 0.         0.00140647 0.         0.00421941 0.00140647 0.00140647
 0.         0.00140647 0.         0.         0.         0.
 0.         0.         0.00140647 0.         0.         0.
 0.         0.         0.00140647 0.         0.         0.
 0.         0.         0.         0.         0.         0.00140647
 0.         0.00140647 0.00281294 0.         0.00140647 0.
 0.         0.         0.         0.         0.         0.
 0.         0.         0.         0.         0.         0.
 0.         0.         0.00140647 0.00140647 0.         0.
 0.         0.         0.         0.00140647 0.         0.
 0.         0.00140647 0.00140647 0.00140647 0.         0.
 0.         0.00140647 0.         0.         0.         0.
 0.00140647 0.         0.00140647 0.00140647 0.         0.
 0.         0.         0.         0.         0.         0.
 0.         0.00140647 0.         0.         0.         0.
 0.         0.00140647 0.         0.         0.         0.
 0.         0.00140647 0.         0.         0.00140647 0.
 0.         0.00984529]","[0.        0.0104931 0.0209862 0.0314793 0.0419724 0.0524655 0.0629586
 0.0734517 0.0839448 0.0944379 0.104931  0.1154241 0.1259172 0.1364103
 0.1469034 0.1573965 0.1678896 0.1783827 0.1888758 0.1993689 0.209862
 0.2203551 0.2308482 0.2413413 0.2518344 0.2623275 0.2728206 0.2833137
 0.2938068 0.3042999 0.314793  0.3252861 0.3357792 0.3462723 0.3567654
 0.3672585 0.3777516 0.3882447 0.3987378 0.4092309 0.419724  0.4302171
 0.4407102 0.4512033 0.4616964 0.4721895 0.4826826 0.4931757 0.5036688
 0.5141619 0.524655  0.5351481 0.5456412 0.5561343 0.5666274 0.5771205
 0.5876136 0.5981067 0.6085998 0.6190929 0.629586  0.6400791 0.6505722
 0.6610653 0.6715584 0.6820515 0.6925446 0.7030377 0.7135308 0.7240239
 0.734517  0.7450101 0.7555032 0.7659963 0.7764894 0.7869825 0.7974756
 0.8079687 0.8184618 0.8289549 0.839448  0.8499411 0.8604342 0.8709273
 0.8814204 0.8919135 0.9024066 0.9128997 0.9233928 0.9338859 0.944379
 0.9548721 0.9653652 0.9758583 0.9863514 0.9968445 1.0073376 1.0178307
 1.0283238 1.0388169 1.04931   1.0598031 1.0702962 1.0807893 1.0912824
 1.1017755 1.1122686 1.1227617 1.1332548 1.1437479 1.154241  1.1647341
 1.1752272 1.1857203 1.1962134 1.2067065 1.2171996 1.2276927 1.2381858
 1.2486789 1.259172  1.2696651 1.2801582 1.2906513 1.3011444 1.3116375
 1.3221306 1.3326237 1.3431168 1.3536099 1.364103  1.3745961 1.3850892
 1.3955823 1.4060754 1.4165685 1.4270616 1.4375547 1.4480478 1.4585409
 1.469034  1.4795271 1.4900202 1.5005133 1.5110064 1.5214995 1.5319926
 1.5424857 1.5529788 1.5634719 1.573965  1.5844581 1.5949512 1.6054443
 1.6159374 1.6264305 1.6369236 1.6474167 1.6579098 1.6684029 1.678896
 1.6893891 1.6998822 1.7103753 1.7208684 1.7313615 1.7418546 1.7523477
 1.7628408 1.7733339 1.783827  1.7943201 1.8048132 1.8153063 1.8257994
 1.8362925 1.8467856 1.8572787 1.8677718 1.8782649 1.888758  1.8992511
 1.9097442 1.9202373 1.9307304 1.9412235 1.9517166 1.9622097 1.9727028
 1.9831959 1.993689  2.0041821 2.0146752 2.0251683 2.0356614 2.0461545
 2.0566476 2.0671407 2.0776338 2.0881269]","[0.05203938 0.0323488  0.02250352 0.01547117 0.01265823 0.01828411
 0.01969058 0.01969058 0.01547117 0.00984529 0.00843882 0.00562588
 0.01125176 0.00562588 0.00703235 0.00703235 0.00984529 0.00984529
 0.00984529 0.00562588 0.00703235 0.0140647  0.00562588 0.00703235
 0.00421941 0.00843882 0.         0.00281294 0.00421941 0.00140647
 0.00421941 0.00140647 0.00140647 0.         0.00140647 0.00140647
 0.00140647 0.00281294 0.00281294 0.         0.00281294 0.00281294
 0.         0.         0.         0.         0.         0.
 0.00140647 0.00281294 0.00140647 0.         0.00281294 0.00281294
 0.00281294 0.         0.         0.00140647 0.         0.
 0.         0.00140647 0.         0.         0.         0.
 0.         0.         0.         0.         0.         0.00140647
 0.         0.         0.         0.00140647 0.         0.
 0.         0.         0.         0.         0.         0.00140647
 0.         0.00140647 0.         0.         0.         0.
 0.00140647 0.         0.         0.         0.         0.
 0.         0.00140647 0.         0.00421941 0.00140647 0.00140647
 0.         0.00140647 0.         0.         0.         0.
 0.         0.         0.00140647 0.         0.         0.
 0.         0.         0.00140647 0.         0.         0.
 0.         0.         0.         0.         0.         0.00140647
 0.         0.00140647 0.00281294 0.         0.00140647 0.
 0.         0.         0.         0.         0.         0.
 0.         0.         0.         0.         0.         0.
 0.         0.         0.00140647 0.00140647 0.         0.
 0.         0.         0.         0.00140647 0.         0.
 0.         0.00140647 0.00140647 0.00140647 0.         0.
 0.         0.00140647 0.         0.         0.         0.
 0.00140647 0.         0.00140647 0.00140647 0.         0.
 0.         0.         0.         0.         0.         0.
 0.         0.00140647 0.         0.         0.         0.
 0.         0.00140647 0.         0.         0.         0.
 0.         0.00140647 0.         0.         0.00140647 0.
 0.         0.00984529]","[0.04360056 0.0323488  0.01828411 0.02250352 0.01828411 0.01969058
 0.01969058 0.0140647  0.01547117 0.0140647  0.01125176 0.01547117
 0.0140647  0.00421941 0.01687764 0.01125176 0.01547117 0.01687764
 0.01265823 0.00562588 0.01547117 0.01265823 0.00421941 0.00281294
 0.00703235 0.00562588 0.00281294 0.00421941 0.00703235 0.00984529
 0.00703235 0.00562588 0.00421941 0.00281294 0.00421941 0.00421941
 0.00562588 0.00140647 0.00421941 0.00421941 0.00421941 0.00140647
 0.00140647 0.00281294 0.00140647 0.00140647 0.00140647 0.
 0.00281294 0.00281294 0.         0.         0.00140647 0.00421941
 0.         0.00421941 0.         0.00140647 0.         0.00281294
 0.         0.00140647 0.00140647 0.00140647 0.         0.
 0.00140647 0.         0.00281294 0.00140647 0.00140647 0.00281294
 0.         0.         0.         0.00140647 0.         0.00140647
 0.00281294 0.00281294 0.00140647 0.00140647 0.         0.
 0.         0.         0.00140647 0.         0.00281294 0.
 0.00281294 0.00140647 0.         0.         0.         0.
 0.         0.         0.         0.00140647 0.         0.
 0.00140647 0.         0.         0.00281294 0.         0.00140647
 0.         0.         0.         0.         0.         0.
 0.         0.00140647 0.         0.         0.         0.
 0.         0.         0.         0.         0.00140647 0.
 0.         0.         0.00140647 0.         0.         0.
 0.         0.         0.         0.         0.         0.
 0.         0.         0.         0.00281294 0.         0.00140647
 0.         0.         0.         0.         0.         0.00140647
 0.         0.00140647 0.00140647 0.         0.         0.
 0.         0.         0.         0.00140647 0.         0.
 0.         0.         0.         0.         0.         0.
 0.         0.         0.         0.         0.         0.
 0.         0.00140647 0.         0.         0.         0.00140647
 0.         0.         0.         0.         0.         0.
 0.         0.         0.         0.         0.         0.
 0.         0.         0.         0.         0.         0.
 0.         0.00281294]"
LP,"[0.00292398 0.00584795 0.00292398 0.00292398 0.00146199 0.00146199
 0.00438596 0.00292398 0.00438596 0.00584795 0.01315789 0.00584795
 0.00584795 0.00438596 0.01023392 0.00146199 0.00877193 0.01169591
 0.00438596 0.00584795 0.00292398 0.00584795 0.00292398 0.00730994
 0.00730994 0.01315789 0.00877193 0.00438596 0.00877193 0.00438596
 0.00146199 0.00877193 0.01023392 0.01023392 0.01023392 0.01023392
 0.00730994 0.00877193 0.01315789 0.00877193 0.00584795 0.00438596
 0.00730994 0.00877193 0.01023392 0.00438596 0.01169591 0.00730994
 0.00730994 0.01023392 0.00438596 0.00292398 0.00730994 0.00438596
 0.01608187 0.00730994 0.01169591 0.00730994 0.00438596 0.00146199
 0.00584795 0.00146199 0.00438596 0.00584795 0.00584795 0.00730994
 0.00292398 0.00877193 0.00438596 0.00730994 0.00584795 0.00146199
 0.00292398 0.00292398 0.00877193 0.00292398 0.00584795 0.00438596
 0.00584795 0.00584795 0.00584795 0.00877193 0.00146199 0.00292398
 0.00730994 0.         0.00292398 0.00292398 0.00292398 0.00146199
 0.00146199 0.         0.00292398 0.         0.00730994 0.00438596
 0.00584795 0.00438596 0.00146199 0.00292398 0.00438596 0.00292398
 0.00584795 0.00146199 0.00292398 0.00438596 0.00730994 0.00292398
 0.00146199 0.00146199 0.00438596 0.00292398 0.00146199 0.00292398
 0.00146199 0.00292398 0.00146199 0.00146199 0.00292398 0.
 0.         0.00438596 0.         0.00146199 0.         0.00146199
 0.00146199 0.00146199 0.         0.00292398 0.00146199 0.00146199
 0.00146199 0.00438596 0.00292398 0.         0.         0.
 0.00146199 0.00146199 0.00292398 0.         0.00146199 0.
 0.         0.         0.00292398 0.         0.         0.00146199
 0.         0.         0.00146199 0.         0.00438596 0.00146199
 0.         0.00292398 0.         0.00146199 0.00146199 0.00292398
 0.00146199 0.00146199 0.         0.         0.         0.
 0.00146199 0.         0.         0.00146199 0.00146199 0.
 0.         0.00292398 0.         0.         0.         0.00292398
 0.         0.00292398 0.         0.00146199 0.         0.00146199
 0.00146199 0.         0.         0.         0.         0.
 0.         0.         0.         0.00146199 0.         0.
 0.         0.00730994]","[0.00000e+00 3.47500e-05 6.95000e-05 1.04250e-04 1.39000e-04 1.73750e-04
 2.08500e-04 2.43250e-04 2.78000e-04 3.12750e-04 3.47500e-04 3.82250e-04
 4.17000e-04 4.51750e-04 4.86500e-04 5.21250e-04 5.56000e-04 5.90750e-04
 6.25500e-04 6.60250e-04 6.95000e-04 7.29750e-04 7.64500e-04 7.99250e-04
 8.34000e-04 8.68750e-04 9.03500e-04 9.38250e-04 9.73000e-04 1.00775e-03
 1.04250e-03 1.07725e-03 1.11200e-03 1.14675e-03 1.18150e-03 1.21625e-03
 1.25100e-03 1.28575e-03 1.32050e-03 1.35525e-03 1.39000e-03 1.42475e-03
 1.45950e-03 1.49425e-03 1.52900e-03 1.56375e-03 1.59850e-03 1.63325e-03
 1.66800e-03 1.70275e-03 1.73750e-03 1.77225e-03 1.80700e-03 1.84175e-03
 1.87650e-03 1.91125e-03 1.94600e-03 1.98075e-03 2.01550e-03 2.05025e-03
 2.08500e-03 2.11975e-03 2.15450e-03 2.18925e-03 2.22400e-03 2.25875e-03
 2.29350e-03 2.32825e-03 2.36300e-03 2.39775e-03 2.43250e-03 2.46725e-03
 2.50200e-03 2.53675e-03 2.57150e-03 2.60625e-03 2.64100e-03 2.67575e-03
 2.71050e-03 2.74525e-03 2.78000e-03 2.81475e-03 2.84950e-03 2.88425e-03
 2.91900e-03 2.95375e-03 2.98850e-03 3.02325e-03 3.05800e-03 3.09275e-03
 3.12750e-03 3.16225e-03 3.19700e-03 3.23175e-03 3.26650e-03 3.30125e-03
 3.33600e-03 3.37075e-03 3.40550e-03 3.44025e-03 3.47500e-03 3.50975e-03
 3.54450e-03 3.57925e-03 3.61400e-03 3.64875e-03 3.68350e-03 3.71825e-03
 3.75300e-03 3.78775e-03 3.82250e-03 3.85725e-03 3.89200e-03 3.92675e-03
 3.96150e-03 3.99625e-03 4.03100e-03 4.06575e-03 4.10050e-03 4.13525e-03
 4.17000e-03 4.20475e-03 4.23950e-03 4.27425e-03 4.30900e-03 4.34375e-03
 4.37850e-03 4.41325e-03 4.44800e-03 4.48275e-03 4.51750e-03 4.55225e-03
 4.58700e-03 4.62175e-03 4.65650e-03 4.69125e-03 4.72600e-03 4.76075e-03
 4.79550e-03 4.83025e-03 4.86500e-03 4.89975e-03 4.93450e-03 4.96925e-03
 5.00400e-03 5.03875e-03 5.07350e-03 5.10825e-03 5.14300e-03 5.17775e-03
 5.21250e-03 5.24725e-03 5.28200e-03 5.31675e-03 5.35150e-03 5.38625e-03
 5.42100e-03 5.45575e-03 5.49050e-03 5.52525e-03 5.56000e-03 5.59475e-03
 5.62950e-03 5.66425e-03 5.69900e-03 5.73375e-03 5.76850e-03 5.80325e-03
 5.83800e-03 5.87275e-03 5.90750e-03 5.94225e-03 5.97700e-03 6.01175e-03
 6.04650e-03 6.08125e-03 6.11600e-03 6.15075e-03 6.18550e-03 6.22025e-03
 6.25500e-03 6.28975e-03 6.32450e-03 6.35925e-03 6.39400e-03 6.42875e-03
 6.46350e-03 6.49825e-03 6.53300e-03 6.56775e-03 6.60250e-03 6.63725e-03
 6.67200e-03 6.70675e-03 6.74150e-03 6.77625e-03 6.81100e-03 6.84575e-03
 6.88050e-03 6.91525e-03]","[0.00584795 0.00877193 0.00877193 0.00292398 0.00292398 0.00292398
 0.00584795 0.00730994 0.00877193 0.00584795 0.01461988 0.00584795
 0.00730994 0.00438596 0.01169591 0.00146199 0.01315789 0.01169591
 0.00730994 0.00584795 0.00438596 0.01023392 0.00438596 0.00730994
 0.00730994 0.01608187 0.00877193 0.00438596 0.00877193 0.00438596
 0.00292398 0.00877193 0.01023392 0.01169591 0.01023392 0.01023392
 0.00730994 0.01023392 0.01315789 0.00877193 0.00730994 0.00438596
 0.00877193 0.00877193 0.01023392 0.00584795 0.01169591 0.00730994
 0.00877193 0.01169591 0.00584795 0.00292398 0.00877193 0.00438596
 0.01608187 0.00730994 0.01169591 0.00730994 0.00438596 0.00146199
 0.00584795 0.00146199 0.00438596 0.00584795 0.00584795 0.00730994
 0.00292398 0.00877193 0.00438596 0.01169591 0.00584795 0.00146199
 0.00292398 0.00292398 0.00877193 0.00292398 0.00730994 0.00584795
 0.00584795 0.00584795 0.00730994 0.00877193 0.00292398 0.00292398
 0.00730994 0.         0.00292398 0.00292398 0.00292398 0.00146199
 0.00146199 0.         0.00292398 0.         0.00730994 0.00438596
 0.00584795 0.00584795 0.00146199 0.00292398 0.00438596 0.00292398
 0.00730994 0.00146199 0.00292398 0.00438596 0.00730994 0.00292398
 0.00146199 0.00146199 0.00438596 0.00292398 0.00146199 0.00292398
 0.00146199 0.00438596 0.00146199 0.00146199 0.00292398 0.
 0.         0.00438596 0.         0.00146199 0.00146199 0.00146199
 0.00146199 0.00146199 0.         0.00292398 0.00146199 0.00146199
 0.00146199 0.00438596 0.00292398 0.         0.         0.
 0.00146199 0.00146199 0.00292398 0.         0.00146199 0.
 0.         0.         0.00292398 0.         0.         0.00146199
 0.         0.         0.00146199 0.         0.00438596 0.00146199
 0.         0.00292398 0.         0.00146199 0.00146199 0.00292398
 0.00146199 0.00146199 0.         0.         0.         0.
 0.00146199 0.         0.         0.00146199 0.00146199 0.
 0.         0.00292398 0.         0.         0.         0.00292398
 0.         0.00292398 0.         0.00146199 0.         0.00146199
 0.00146199 0.         0.         0.         0.         0.
 0.         0.         0.         0.00146199 0.         0.
 0.         0.00730994]","[0.00730994 0.00877193 0.01169591 0.00877193 0.00877193 0.00292398
 0.00438596 0.01023392 0.00730994 0.00877193 0.00438596 0.
 0.00438596 0.00146199 0.00146199 0.00292398 0.00438596 0.00438596
 0.00584795 0.00584795 0.00146199 0.00438596 0.00292398 0.00146199
 0.         0.00438596 0.00146199 0.         0.00292398 0.
 0.00146199 0.         0.         0.00146199 0.         0.
 0.         0.00146199 0.         0.         0.00584795 0.
 0.00146199 0.         0.         0.00146199 0.         0.
 0.00146199 0.00146199 0.00146199 0.         0.00292398 0.
 0.         0.00146199 0.         0.         0.         0.
 0.         0.         0.         0.         0.         0.
 0.00438596 0.         0.         0.00584795 0.         0.
 0.         0.         0.00146199 0.00146199 0.00146199 0.00292398
 0.         0.         0.00146199 0.         0.00146199 0.
 0.00146199 0.         0.         0.         0.         0.
 0.00146199 0.         0.         0.         0.         0.
 0.         0.00146199 0.         0.00146199 0.         0.
 0.00146199 0.         0.         0.         0.         0.
 0.         0.00146199 0.         0.         0.         0.
 0.         0.00146199 0.00146199 0.         0.         0.
 0.         0.         0.00146199 0.         0.00146199 0.
 0.         0.         0.         0.         0.00146199 0.00146199
 0.         0.         0.         0.         0.         0.
 0.         0.         0.         0.00146199 0.         0.
 0.         0.         0.00146199 0.         0.00146199 0.
 0.00438596 0.         0.         0.         0.         0.
 0.         0.         0.         0.         0.         0.
 0.         0.         0.         0.         0.         0.
 0.         0.         0.         0.         0.         0.
 0.         0.         0.         0.         0.         0.
 0.         0.         0.         0.         0.         0.
 0.         0.         0.         0.         0.         0.
 0.         0.         0.         0.         0.00146199 0.
 0.         0.00584795]"
